longitude,latitude,altitude,Name,Source_File
106.62181,20.81541,0.0,Pole 1 new Jb,364. Route 128010-128117.csv
106.6219,20.81539,0.0,Pole 2,364. Route 128010-128117.csv
106.62208,20.81536,0.0,Pole 3,364. Route 128010-128117.csv
106.6221208213158,20.81507635657706,0.0,Pole 4,364. Route 128010-128117.csv
106.6221525859872,20.8147441571413,0.0,Pole 5 new Jb,364. Route 128010-128117.csv
106.6221577410871,20.81475359335673,0.0,Path Measure,364. Route 128010-128117.csv
106.6220759294637,20.81536629823999,0.0,Path Measure,364. Route 128010-128117.csv
106.6218062310166,20.81541680776438,0.0,Path Measure,364. Route 128010-128117.csv
106.6235897397607,20.81388086402162,0.0,Pole 1 new Jb,364. Route 128010-128117.csv
106.6236991824908,20.81320629301546,0.0,Pole 3 new Jb,364. Route 128010-128117.csv
106.6236786108449,20.81357553806899,0.0,Pole 2,364. Route 128010-128117.csv
106.6235863420365,20.81387925207834,0.0,Path Measure,364. Route 128010-128117.csv
106.623678549332,20.81358509473424,0.0,Path Measure,364. Route 128010-128117.csv
106.623701405675,20.81321090559471,0.0,Path Measure,364. Route 128010-128117.csv
106.6581589920995,20.79000364164658,0.0,128117,364. Route 128010-128117.csv
106.6216676897019,20.8149942083175,0.0,128010,364. Route 128010-128117.csv
106.621669862677,20.81500815071253,0.0,128010 - 128117,364. Route 128010-128117.csv
106.6218118767228,20.81542063945172,0.0,128010 - 128117,364. Route 128010-128117.csv
106.6220745758849,20.81537219545723,0.0,128010 - 128117,364. Route 128010-128117.csv
106.6221518417328,20.81474803849537,0.0,128010 - 128117,364. Route 128010-128117.csv
106.6222495210359,20.81416277082279,0.0,128010 - 128117,364. Route 128010-128117.csv
106.6223273678847,20.81357917856791,0.0,128010 - 128117,364. Route 128010-128117.csv
106.6231194544254,20.81374359677217,0.0,128010 - 128117,364. Route 128010-128117.csv
106.6235913427869,20.81386078260177,0.0,128010 - 128117,364. Route 128010-128117.csv
106.6236749760595,20.81357978031863,0.0,128010 - 128117,364. Route 128010-128117.csv
106.6237034105602,20.81312484826578,0.0,128010 - 128117,364. Route 128010-128117.csv
106.6237749763475,20.81196791326373,0.0,128010 - 128117,364. Route 128010-128117.csv
106.6238099885982,20.81140008306311,0.0,128010 - 128117,364. Route 128010-128117.csv
106.6239389969487,20.80902447545299,0.0,128010 - 128117,364. Route 128010-128117.csv
106.6239653834945,20.80776133796412,0.0,128010 - 128117,364. Route 128010-128117.csv
106.6240787141847,20.80597695202467,0.0,128010 - 128117,364. Route 128010-128117.csv
106.6242274860845,20.80430231520114,0.0,128010 - 128117,364. Route 128010-128117.csv
106.6243933490173,20.80423663283948,0.0,128010 - 128117,364. Route 128010-128117.csv
106.6256981194363,20.80428556753081,0.0,128010 - 128117,364. Route 128010-128117.csv
106.6256513012927,20.80355966903785,0.0,128010 - 128117,364. Route 128010-128117.csv
106.6259002502377,20.80342311401265,0.0,128010 - 128117,364. Route 128010-128117.csv
106.6262681143771,20.80321400106288,0.0,128010 - 128117,364. Route 128010-128117.csv
106.6263260906379,20.80296389764352,0.0,128010 - 128117,364. Route 128010-128117.csv
106.6263782802428,20.80257470890859,0.0,128010 - 128117,364. Route 128010-128117.csv
106.6272730379596,20.80115652841463,0.0,128010 - 128117,364. Route 128010-128117.csv
106.6277112872737,20.8004213148486,0.0,128010 - 128117,364. Route 128010-128117.csv
106.6283078612603,20.79926538964981,0.0,128010 - 128117,364. Route 128010-128117.csv
106.6299020666547,20.79612689922967,0.0,128010 - 128117,364. Route 128010-128117.csv
106.6310315350868,20.79398409810936,0.0,128010 - 128117,364. Route 128010-128117.csv
106.6313613998777,20.79338566075941,0.0,128010 - 128117,364. Route 128010-128117.csv
106.6315666459517,20.7930121071485,0.0,128010 - 128117,364. Route 128010-128117.csv
106.6326968055437,20.79242093303437,0.0,128010 - 128117,364. Route 128010-128117.csv
106.6336346918242,20.79222926259365,0.0,128010 - 128117,364. Route 128010-128117.csv
106.6353823391624,20.79214443939414,0.0,128010 - 128117,364. Route 128010-128117.csv
106.6369619333216,20.792102150419,0.0,128010 - 128117,364. Route 128010-128117.csv
106.6390795336243,20.79199966673586,0.0,128010 - 128117,364. Route 128010-128117.csv
106.6455048324302,20.79184353960222,0.0,128010 - 128117,364. Route 128010-128117.csv
106.6484680987901,20.79164606198819,0.0,128010 - 128117,364. Route 128010-128117.csv
106.6507588706613,20.79137557647053,0.0,128010 - 128117,364. Route 128010-128117.csv
106.6522479948996,20.79120693507974,0.0,128010 - 128117,364. Route 128010-128117.csv
106.6534412125705,20.79114838310601,0.0,128010 - 128117,364. Route 128010-128117.csv
106.6548938350933,20.79113943707031,0.0,128010 - 128117,364. Route 128010-128117.csv
106.6556832104261,20.79099700759679,0.0,128010 - 128117,364. Route 128010-128117.csv
106.6556751796412,20.7908679363341,0.0,128010 - 128117,364. Route 128010-128117.csv
106.6567040580032,20.79053402461297,0.0,128010 - 128117,364. Route 128010-128117.csv
106.6572471898066,20.79038360175202,0.0,128010 - 128117,364. Route 128010-128117.csv
106.6578668983774,20.79032743755245,0.0,128010 - 128117,364. Route 128010-128117.csv
106.658116695208,20.79037572205602,0.0,128010 - 128117,364. Route 128010-128117.csv
106.6581628652805,20.79003296836876,0.0,128010 - 128117,364. Route 128010-128117.csv
106.6605721818068,20.791309773172,0.0,TT32 372  E2.14-1,364. Route 128010-128117.csv
106.6579170464637,20.7903719311358,0.0,TT29 372  E2.14-1,364. Route 128010-128117.csv
106.6221601433167,20.81472947694517,0.0,1.1 Hoàng Quốc Việt,364. Route 128010-128117.csv
106.6223196667764,20.81358884352226,0.0,1.5  Hoàng Quốc Việt,364. Route 128010-128117.csv
106.6222548482029,20.81417065781138,0.0,1.3  Hoàng Quốc Việt,364. Route 128010-128117.csv
106.6235880394575,20.81387820250243,0.0,1.10  Hoàng Quốc Việt,364. Route 128010-128117.csv
106.6228323708571,20.81368463771048,0.0,1.7  Hoàng Quốc Việt,364. Route 128010-128117.csv
106.623700394341,20.8132101119274,0.0,HT02,364. Route 128010-128117.csv
106.623673009355,20.81358073236086,0.0,HT01,364. Route 128010-128117.csv
106.6237258478304,20.81305140282857,0.0,3.1 Hoà Bình,364. Route 128010-128117.csv
106.6239020588262,20.80970945823318,0.0,3.10 Hoà Bình,364. Route 128010-128117.csv
106.6238179131641,20.81136962209739,0.0,3.5  Hoà Bình,364. Route 128010-128117.csv
106.6239215869015,20.8093071479332,0.0,1.1 Lương Khánh Thiện,364. Route 128010-128117.csv
106.6240041120198,20.80744777584415,0.0,1.5 Lương Khánh Thiện,364. Route 128010-128117.csv
106.6241003773426,20.80575616324286,0.0,1.9  Lương Khánh Thiện,364. Route 128010-128117.csv
106.6241152246934,20.80557020438845,0.0,1.7 Quận Uỷ 1,364. Route 128010-128117.csv
106.6242296468695,20.80428741194954,0.0,1.11  Quận Uỷ 1,364. Route 128010-128117.csv
106.6245365074429,20.80423467521398,0.0,1.11/1.1  Quận Uỷ 1,364. Route 128010-128117.csv
106.6248949528368,20.80425825768017,0.0,2.5 Trần Phú 1,364. Route 128010-128117.csv
106.6252464850421,20.80424905151657,0.0,2.6 Trần Phú 1,364. Route 128010-128117.csv
106.6256901950742,20.80426285980323,0.0,2.13 Bưu Điện,364. Route 128010-128117.csv
106.6256847885605,20.80397567426519,0.0,2.3 Trần Phú 1,364. Route 128010-128117.csv
106.6256749960776,20.80351170109626,0.0,2.1 Trần Phú 1,364. Route 128010-128117.csv
106.6259093451117,20.80341198470945,0.0,3.23 Trần Phú 1,364. Route 128010-128117.csv
106.6263376000377,20.80320152330937,0.0,3.24 Trần Phú 1,364. Route 128010-128117.csv
106.6263263800233,20.8029567040228,0.0,3.25 Phù Liên 4,364. Route 128010-128117.csv
106.6263819104974,20.80256860340264,0.0,3.26 Phù Liên 4,364. Route 128010-128117.csv
106.6271866358042,20.80131157426982,0.0,3.20 Phù Liên 4,364. Route 128010-128117.csv
106.6277083603691,20.8004181366797,0.0,3.18 Phù Liên 4,364. Route 128010-128117.csv
106.62772080585,20.80020854180911,0.0,2.29 Lý Thường Kiệt,364. Route 128010-128117.csv
106.6290359451902,20.79776691399367,0.0,2.26  Lý Thường Kiệt,364. Route 128010-128117.csv
106.6292606248786,20.79747653509746,0.0,2.10  Lý Thường Kiệt,364. Route 128010-128117.csv
106.6298618071587,20.79624092731898,0.0,2.1  Lý Thường Kiệt,364. Route 128010-128117.csv
106.6300031642868,20.79599866077325,0.0,2.2 Sách & Trường Học,364. Route 128010-128117.csv
106.6336460160673,20.79222384373525,0.0,2.19  Sách & Trường Học,364. Route 128010-128117.csv
106.6315044536003,20.79324308866421,0.0,2.12  Sách & Trường Học,364. Route 128010-128117.csv
106.6309625855721,20.79423973535384,0.0,2.8 Sách & Trường Học,364. Route 128010-128117.csv
106.6322857255976,20.79269904059365,0.0,2.15  Sách & Trường Học,364. Route 128010-128117.csv
106.6339438504288,20.79220664956642,0.0,2.18 Đẩu Sơn 4,364. Route 128010-128117.csv
106.6394802490208,20.79206381140466,0.0,2.2  Đẩu Sơn 4,364. Route 128010-128117.csv
106.6371887555348,20.79215206451099,0.0,2.8  Đẩu Sơn 4,364. Route 128010-128117.csv
106.6398301029032,20.79204122017995,0.0,1.21  Đẩu Sơn 5,364. Route 128010-128117.csv
106.6434847178415,20.79198717769189,0.0,1.12   Đẩu Sơn 5,364. Route 128010-128117.csv
106.641872841642,20.79198133323261,0.0,1.16  Đẩu Sơn 5,364. Route 128010-128117.csv
106.643909780168,20.79194415400053,0.0,2.5/1.3   Đẩu Sơn 5,364. Route 128010-128117.csv
106.6448349604852,20.79188896307488,0.0,2.5 Đẩu Sơn 5,364. Route 128010-128117.csv
106.6450428605596,20.79188679566501,0.0,2.2.1 Đẩu Sơn 5,364. Route 128010-128117.csv
106.6454965668171,20.79186933871214,0.0,2.2.2 Đẩu Sơn 5,364. Route 128010-128117.csv
106.6458614355242,20.79183995566785,0.0,2.5 Đẩu Sơn 3,364. Route 128010-128117.csv
106.6472718697142,20.79178611063173,0.0,2.1 Đẩu Sơn 3,364. Route 128010-128117.csv
106.6465237961744,20.7918207473231,0.0,2.3 Đẩu Sơn 3,364. Route 128010-128117.csv
106.6475789589421,20.79178848370979,0.0,1.2 Đẩu Sơn 3,364. Route 128010-128117.csv
106.6521160497932,20.79121445366661,0.0,1.13  Đẩu Sơn 3,364. Route 128010-128117.csv
106.6511083423673,20.79132103445299,0.0,1.10 Đẩu Sơn 3,364. Route 128010-128117.csv
106.6492967167176,20.7915820633457,0.0,1.5 Đẩu Sơn 3,364. Route 128010-128117.csv
106.6524268984753,20.79118500691492,0.0,2.4/2.1  Đẩu Sơn 2,364. Route 128010-128117.csv
106.6528008925714,20.79118892696143,0.0,2.4/2.2 Đẩu Sơn 2,364. Route 128010-128117.csv
106.6536690162524,20.79115623642964,0.0,2.4/1.1  Đẩu Sơn 2,364. Route 128010-128117.csv
106.655181331236,20.79112477517169,0.0,2.4/1.4,364. Route 128010-128117.csv
106.6556919208254,20.7910233375452,0.0,26 372 E2.4,364. Route 128010-128117.csv
106.6556908469294,20.79086409807619,0.0,HT 01,364. Route 128010-128117.csv
106.658110451292,20.79036497744261,0.0,HT 17,364. Route 128010-128117.csv
106.6577960880843,20.7903305532388,0.0,HT 15,364. Route 128010-128117.csv
106.6571034988234,20.79042081996391,0.0,HT 10,364. Route 128010-128117.csv
106.6563952063455,20.79062832999488,0.0,HT 5,364. Route 128010-128117.csv
106.627271,20.801138,0.0,MX01_Tuyến 6,364. Route 128010-128117.csv
105.8501947896386,20.99610141505708,0.0,124019-124033,92. Route 124033-124019.csv
105.8495545662695,20.99617990993745,0.0,124019-124033,92. Route 124033-124019.csv
105.8484919050044,20.99633260078857,0.0,124019-124033,92. Route 124033-124019.csv
105.8475735724095,20.9964431685991,0.0,124019-124033,92. Route 124033-124019.csv
105.8461066455721,20.99671345376391,0.0,124019-124033,92. Route 124033-124019.csv
105.8460207003211,20.99672651101669,0.0,124019-124033,92. Route 124033-124019.csv
105.8459530377626,20.99678578422079,0.0,124019-124033,92. Route 124033-124019.csv
105.8451768663677,20.9969757702095,0.0,124019-124033,92. Route 124033-124019.csv
105.8438711751305,20.99729320989845,0.0,124019-124033,92. Route 124033-124019.csv
105.8430680774571,20.99745896689662,0.0,124019-124033,92. Route 124033-124019.csv
105.8427191870578,20.99751504840989,0.0,124019-124033,92. Route 124033-124019.csv
105.8424621818732,20.99752413547565,0.0,124019-124033,92. Route 124033-124019.csv
105.8424678650158,20.99768324201298,0.0,124019-124033,92. Route 124033-124019.csv
105.8501967277496,20.99609764566824,0.0,DT 1 new Jb,92. Route 124033-124019.csv
105.8497434862139,20.99615617892479,0.0,DT 2,92. Route 124033-124019.csv
105.8494596730795,20.99620549415562,0.0,DT 3,92. Route 124033-124019.csv
105.8489763949164,20.99626445305232,0.0,DT 4,92. Route 124033-124019.csv
105.8483881342231,20.99634226269113,0.0,DT 5,92. Route 124033-124019.csv
105.8475604096576,20.99644748712774,0.0,DT 7,92. Route 124033-124019.csv
105.8469873032563,20.9965411248765,0.0,DT 8,92. Route 124033-124019.csv
105.8465637290554,20.99662202490114,0.0,DT 9,92. Route 124033-124019.csv
105.8460297192415,20.99672215399143,0.0,DT 10,92. Route 124033-124019.csv
105.8459486352642,20.99678578421809,0.0,DT 11,92. Route 124033-124019.csv
105.8455448020712,20.99688419597139,0.0,DT 12,92. Route 124033-124019.csv
105.8448913927684,20.9970492712523,0.0,DT 13,92. Route 124033-124019.csv
105.8444661446025,20.99714835222748,0.0,DT 14,92. Route 124033-124019.csv
105.8441567284889,20.997222161309,0.0,DT 15,92. Route 124033-124019.csv
105.8435729722162,20.99735319246424,0.0,DT 16,92. Route 124033-124019.csv
105.842864310332,20.9974883625182,0.0,DT 17,92. Route 124033-124019.csv
105.8424683357481,20.9975286287164,0.0,DT 18,92. Route 124033-124019.csv
105.8479347585059,20.99639651948248,0.0,DT 6,92. Route 124033-124019.csv
105.8424667070151,20.99767994000436,0.0,DT 19 new Jb,92. Route 124033-124019.csv
105.8605857572808,20.99552871710926,0.0,124033-124037,92. Route 124033-124019.csv
105.8605682848988,20.99554837907795,0.0,124033-124037,92. Route 124033-124019.csv
105.8604042664322,20.99550739744751,0.0,124033-124037,92. Route 124033-124019.csv
105.8602224580668,20.99545295264238,0.0,124033-124037,92. Route 124033-124019.csv
105.859826859835,20.99536642389655,0.0,124033-124037,92. Route 124033-124019.csv
105.8593815622863,20.99524323939163,0.0,124033-124037,92. Route 124033-124019.csv
105.8587339540901,20.9951007821668,0.0,124033-124037,92. Route 124033-124019.csv
105.8579592886108,20.99498979140135,0.0,124033-124037,92. Route 124033-124019.csv
105.8569896563907,20.99493792273201,0.0,124033-124037,92. Route 124033-124019.csv
105.8559865498801,20.99504242043076,0.0,124033-124037,92. Route 124033-124019.csv
105.8551844977879,20.99512744706237,0.0,124033-124037,92. Route 124033-124019.csv
105.8542139369382,20.99524736861848,0.0,124033-124037,92. Route 124033-124019.csv
105.8528804873,20.99538496923497,0.0,124033-124037,92. Route 124033-124019.csv
105.8518391284938,20.99552043160493,0.0,124033-124037,92. Route 124033-124019.csv
105.8506292224565,20.9956716277806,0.0,124033-124037,92. Route 124033-124019.csv
105.8501081139389,20.99574234730604,0.0,124033-124037,92. Route 124033-124019.csv
105.850028912838,20.99573814116181,0.0,124033-124037,92. Route 124033-124019.csv
105.849970026088,20.99564694088946,0.0,124033-124037,92. Route 124033-124019.csv
105.8499426968662,20.99565850911992,0.0,124033-124037,92. Route 124033-124019.csv
105.8497839401658,20.9956730892322,0.0,124033-124037,92. Route 124033-124019.csv
105.8497550818756,20.99567647004883,0.0,124033-124037,92. Route 124033-124019.csv
105.8497302803708,20.99570717568815,0.0,124033-124037,92. Route 124033-124019.csv
105.8496597295137,20.99574421694822,0.0,124033-124037,92. Route 124033-124019.csv
105.8496672863985,20.9958217141399,0.0,124033-124037,92. Route 124033-124019.csv
105.8605908091074,20.9955234605062,0.0,Pole 1. Put new JB,92. Route 124033-124019.csv
105.8602783681955,20.99546993341418,0.0,DT 1,92. Route 124033-124019.csv
105.8598098446964,20.99535680200436,0.0,DT 2,92. Route 124033-124019.csv
105.8591504704326,20.99519309729487,0.0,DT 3,92. Route 124033-124019.csv
105.8586721815927,20.99509885019288,0.0,DT 4,92. Route 124033-124019.csv
105.8582477644411,20.9950342089226,0.0,DT 5,92. Route 124033-124019.csv
105.8578265569315,20.99498346594639,0.0,DT 6,92. Route 124033-124019.csv
105.857420413117,20.99496939458284,0.0,DT 7,92. Route 124033-124019.csv
105.8572229601705,20.99494274321218,0.0,DT 8,92. Route 124033-124019.csv
105.8569564646828,20.9949458745095,0.0,DT 9,92. Route 124033-124019.csv
105.85658775731,20.99498769331357,0.0,DT 10,92. Route 124033-124019.csv
105.8562239771194,20.99501846086846,0.0,DT 11,92. Route 124033-124019.csv
105.8558208373494,20.99506211908874,0.0,DT 12,92. Route 124033-124019.csv
105.8549137169033,20.99516294936732,0.0,DT 13,92. Route 124033-124019.csv
105.8546694748083,20.99520082439427,0.0,DT 14,92. Route 124033-124019.csv
105.8541318475676,20.99527023885537,0.0,DT 15,92. Route 124033-124019.csv
105.8535894096826,20.99531981605617,0.0,DT 16,92. Route 124033-124019.csv
105.8529840959333,20.99538140381446,0.0,DT 17,92. Route 124033-124019.csv
105.8524340228864,20.99546309718054,0.0,DT 18,92. Route 124033-124019.csv
105.8518521713737,20.99551881145313,0.0,DT 19,92. Route 124033-124019.csv
105.8514124147251,20.99557951299674,0.0,DT 20,92. Route 124033-124019.csv
105.8509042565729,20.99564674451995,0.0,DT 21,92. Route 124033-124019.csv
105.8504135245514,20.99570944865332,0.0,DT 22,92. Route 124033-124019.csv
105.8502536767036,20.99572346334135,0.0,DT 23,92. Route 124033-124019.csv
105.8500573852851,20.99573897067203,0.0,DT 24,92. Route 124033-124019.csv
105.8499702261753,20.99564582384569,0.0,DT 25,92. Route 124033-124019.csv
105.8499346524431,20.99566062601562,0.0,DT 26,92. Route 124033-124019.csv
105.8497593270629,20.99567287015556,0.0,DT 27,92. Route 124033-124019.csv
105.8497073407373,20.99572262522754,0.0,DT 28,92. Route 124033-124019.csv
105.8496548658228,20.99574372560706,0.0,DT 29,92. Route 124033-124019.csv
105.8498313460596,20.99596143595024,0.0,su co 019-033\,92. Route 124033-124019.csv
105.8498983113631,20.99580578479546,0.0,su co 019-033\,92. Route 124033-124019.csv
105.8496660162804,20.99582728428558,0.0,su co 019-033\,92. Route 124033-124019.csv
105.8498399075168,20.99596183267181,0.0,Pole 3 new Jb,92. Route 124033-124019.csv
105.849671354221,20.99582112562795,0.0,Pole 1 new Jb,92. Route 124033-124019.csv
105.8499062154465,20.99580642784621,0.0,Pole 2,92. Route 124033-124019.csv
105.83649,21.003496,0.0,DT 1. Put new JB,92. Route 124033-124019.csv
105.837184,21.003705,0.0,DT 2,92. Route 124033-124019.csv
105.837557,21.003829,0.0,DT 3,92. Route 124033-124019.csv
105.837746,21.003887,0.0,DT 4,92. Route 124033-124019.csv
105.838287157626,21.0040451228679,0.0,DT 5,92. Route 124033-124019.csv
105.838517,21.004101,0.0,DT 6,92. Route 124033-124019.csv
105.8390335848759,21.00421507891074,0.0,DT 7,92. Route 124033-124019.csv
105.8393404143135,21.00426447523147,0.0,DT 8,92. Route 124033-124019.csv
105.839796026287,21.00425767062288,0.0,DT 9,92. Route 124033-124019.csv
105.8401486216303,21.00427246724848,0.0,DT 10,92. Route 124033-124019.csv
105.840753,21.004235,0.0,DT 11,92. Route 124033-124019.csv
105.841034,21.004243,0.0,DT 12,92. Route 124033-124019.csv
105.8410277732137,21.00414131881786,0.0,DT 13,92. Route 124033-124019.csv
105.841251,21.004466,0.0,DT 15,92. Route 124033-124019.csv
105.8415832117894,21.00450506645492,0.0,Put new JB at the DT 16.,92. Route 124033-124019.csv
105.8412318821963,21.00414294802706,0.0,DT 14,92. Route 124033-124019.csv
105.8364975846145,21.00355181401972,0.0,124019 - 124033,92. Route 124033-124019.csv
105.8371956756845,21.00372975672327,0.0,124019 - 124033,92. Route 124033-124019.csv
105.8375662187559,21.00384459679508,0.0,124019 - 124033,92. Route 124033-124019.csv
105.8377513871946,21.00388875947555,0.0,124019 - 124033,92. Route 124033-124019.csv
105.8383693872481,21.00407529480947,0.0,124019 - 124033,92. Route 124033-124019.csv
105.8385537034975,21.00411366508923,0.0,124019 - 124033,92. Route 124033-124019.csv
105.839169952682,21.00424674678347,0.0,124019 - 124033,92. Route 124033-124019.csv
105.8393348577191,21.00427311249311,0.0,124019 - 124033,92. Route 124033-124019.csv
105.8395463895902,21.00425800609512,0.0,124019 - 124033,92. Route 124033-124019.csv
105.8399276577019,21.0042591984629,0.0,124019 - 124033,92. Route 124033-124019.csv
105.8401656567277,21.00427143627564,0.0,124019 - 124033,92. Route 124033-124019.csv
105.8407425017726,21.00426405024436,0.0,124019 - 124033,92. Route 124033-124019.csv
105.8410278579114,21.00424370597249,0.0,124019 - 124033,92. Route 124033-124019.csv
105.8410302793928,21.00413511652654,0.0,124019 - 124033,92. Route 124033-124019.csv
105.841241973246,21.00415118597716,0.0,124019 - 124033,92. Route 124033-124019.csv
105.8412508499582,21.00448429397103,0.0,124019 - 124033,92. Route 124033-124019.csv
105.8415952134643,21.00449349874877,0.0,124019 - 124033,92. Route 124033-124019.csv
105.8416790558033,20.99983674031746,0.0,cáp 72 FO,92. Route 124033-124019.csv
105.8417911439327,20.99955410923803,0.0,cáp 72 FO,92. Route 124033-124019.csv
105.8417276884522,20.99953755320558,0.0,cáp 72 FO,92. Route 124033-124019.csv
105.8423230303392,20.99801787675303,0.0,cáp 72 FO,92. Route 124033-124019.csv
105.8423674643116,20.99792775982141,0.0,cáp 72 FO,92. Route 124033-124019.csv
105.8416968722602,20.99982297428915,0.0,TD 1. Put new JB,92. Route 124033-124019.csv
105.8418037938572,20.99956058914618,0.0,TD 2,92. Route 124033-124019.csv
105.8417272657678,20.99954107487748,0.0,TD 3,92. Route 124033-124019.csv
105.8418231649809,20.99930475032994,0.0,TD 4,92. Route 124033-124019.csv
105.8419169096938,20.99906652481853,0.0,TD 5,92. Route 124033-124019.csv
105.8420197807552,20.99879536120796,0.0,TD 6,92. Route 124033-124019.csv
105.8421478811407,20.99847707026187,0.0,TD 7,92. Route 124033-124019.csv
105.8422374168518,20.99825527267505,0.0,TD 8,92. Route 124033-124019.csv
105.8415615180495,21.00409921255877,0.0,JB Existing,92. Route 124033-124019.csv
105.8423692211323,20.99792812155203,0.0,Put new JB at the pole 1,92. Route 124033-124019.csv
105.8309185602166,21.00670563258307,0.0,Cap ngam 1,92. Route 124033-124019.csv
105.8310024505716,21.0068740146819,0.0,Cap ngam 1,92. Route 124033-124019.csv
105.8310779177235,21.00683854563787,0.0,Cap ngam 1,92. Route 124033-124019.csv
105.8311222181317,21.00688090916745,0.0,Cap ngam 1,92. Route 124033-124019.csv
105.8315178206836,21.0066727545716,0.0,Cap ngam 1,92. Route 124033-124019.csv
105.8336260139638,21.00835573822786,0.0,Cap ngam 1,92. Route 124033-124019.csv
105.8339552404367,21.00805992801466,0.0,Cap ngam 1,92. Route 124033-124019.csv
105.8416890710146,20.99982470124161,0.0,Cap treo 2,92. Route 124033-124019.csv
105.8417912197739,20.99955422441256,0.0,Cap treo 2,92. Route 124033-124019.csv
105.8417281184501,20.99953641572737,0.0,Cap treo 2,92. Route 124033-124019.csv
105.8423686731512,20.99792585039242,0.0,Cap treo 2,92. Route 124033-124019.csv
105.8424552936587,20.99770898495983,0.0,Cap treo 2,92. Route 124033-124019.csv
105.8424643202863,20.9975175221451,0.0,Cap treo 2,92. Route 124033-124019.csv
105.8428507977397,20.99750041358597,0.0,Cap treo 2,92. Route 124033-124019.csv
105.8441599754775,20.99723315755647,0.0,Cap treo 2,92. Route 124033-124019.csv
105.8455404660161,20.99689525206794,0.0,Cap treo 2,92. Route 124033-124019.csv
105.8460253696608,20.99673791910013,0.0,Cap treo 2,92. Route 124033-124019.csv
105.8465594149459,20.99663976237743,0.0,Cap treo 2,92. Route 124033-124019.csv
105.8469904945922,20.99655377193177,0.0,Cap treo 2,92. Route 124033-124019.csv
105.8475637193358,20.99645582968961,0.0,Cap treo 2,92. Route 124033-124019.csv
105.8479321825534,20.99641066788864,0.0,Cap treo 2,92. Route 124033-124019.csv
105.8483997694193,20.99635788339575,0.0,Cap treo 2,92. Route 124033-124019.csv
105.8489655081199,20.99628471088727,0.0,Cap treo 2,92. Route 124033-124019.csv
105.8494633773471,20.99620360183116,0.0,Cap treo 2,92. Route 124033-124019.csv
105.8497470852538,20.99616142160356,0.0,Cap treo 2,92. Route 124033-124019.csv
105.8498276984296,20.99597152803953,0.0,Cap treo 2,92. Route 124033-124019.csv
105.8498982968434,20.99580546752752,0.0,Cap treo 2,92. Route 124033-124019.csv
105.8496583095408,20.99582781518244,0.0,Cap treo 2,92. Route 124033-124019.csv
105.8496579885254,20.99574631046275,0.0,Cap treo 2,92. Route 124033-124019.csv
105.8497558981927,20.99568033785407,0.0,Cap treo 2,92. Route 124033-124019.csv
105.8499355247097,20.9956629863182,0.0,Cap treo 2,92. Route 124033-124019.csv
105.8499671336787,20.99565335730411,0.0,Cap treo 2,92. Route 124033-124019.csv
105.8500361460918,20.99574006922116,0.0,Cap treo 2,92. Route 124033-124019.csv
105.8518524589046,20.9955298668289,0.0,Cap treo 2,92. Route 124033-124019.csv
105.8524265230436,20.99545532737353,0.0,Cap treo 2,92. Route 124033-124019.csv
105.8535873559824,20.99532369560141,0.0,Cap treo 2,92. Route 124033-124019.csv
105.8549029512997,20.9951668916726,0.0,Cap treo 2,92. Route 124033-124019.csv
105.8562234973474,20.99502345330801,0.0,Cap treo 2,92. Route 124033-124019.csv
105.8569442881371,20.99495101511528,0.0,Cap treo 2,92. Route 124033-124019.csv
105.8578140913724,20.99498639018208,0.0,Cap treo 2,92. Route 124033-124019.csv
105.8586680932659,20.9950911090858,0.0,Cap treo 2,92. Route 124033-124019.csv
105.8591530346875,20.99519599270721,0.0,Cap treo 2,92. Route 124033-124019.csv
105.8598094772603,20.99536491751263,0.0,Cap treo 2,92. Route 124033-124019.csv
105.8602823644784,20.99547532193459,0.0,Cap treo 2,92. Route 124033-124019.csv
105.8605848678944,20.99554674079605,0.0,Cap treo 2,92. Route 124033-124019.csv
105.8607678927831,20.9954408943852,0.0,Cap treo 2,92. Route 124033-124019.csv
105.8339552404367,21.00805992801466,0.0,Cap treo 1,92. Route 124033-124019.csv
105.8340078636772,21.00809718884315,0.0,Cap treo 1,92. Route 124033-124019.csv
105.8349232261587,21.00712434838139,0.0,Cap treo 1,92. Route 124033-124019.csv
105.8355617785026,21.00645584207608,0.0,Cap treo 1,92. Route 124033-124019.csv
105.8352186569968,21.00618794949277,0.0,Cap treo 1,92. Route 124033-124019.csv
105.8355688555201,21.00497149068796,0.0,Cap treo 1,92. Route 124033-124019.csv
105.835994987547,21.00344860415703,0.0,Cap treo 1,92. Route 124033-124019.csv
105.8382980849371,21.00405244958524,0.0,Cap treo 1,92. Route 124033-124019.csv
105.8393471461889,21.00427598135024,0.0,Cap treo 1,92. Route 124033-124019.csv
105.8407600073192,21.00426048092862,0.0,Cap treo 1,92. Route 124033-124019.csv
105.8410242480102,21.00424411450226,0.0,Cap treo 1,92. Route 124033-124019.csv
105.8410356143807,21.0041426821455,0.0,Cap treo 1,92. Route 124033-124019.csv
105.8412374403903,21.00415062246758,0.0,Cap treo 1,92. Route 124033-124019.csv
105.8412545001592,21.00448608385966,0.0,Cap treo 1,92. Route 124033-124019.csv
105.841580419426,21.00450038872373,0.0,Cap treo 1,92. Route 124033-124019.csv
105.8415332177497,21.00429853898761,0.0,Cap treo 1,92. Route 124033-124019.csv
105.830833,21.006667,0.0,124019,92. Route 124033-124019.csv
105.8415332177497,21.00429853898761,0.0,Cap ngam 2,92. Route 124033-124019.csv
105.8414409447965,21.00038360028558,0.0,Cap ngam 2,92. Route 124033-124019.csv
105.8416937272745,20.99982436795321,0.0,Cap ngam 2,92. Route 124033-124019.csv
105.8608326535508,20.9954336273939,0.0,124033,92. Route 124033-124019.csv
105.8315247045365,21.00667158670298,0.0,MX,92. Route 124033-124019.csv
105.833954014651,21.00804369412561,0.0,MX2,92. Route 124033-124019.csv
105.8407610578237,21.00427441855842,0.0,MX3,92. Route 124033-124019.csv
105.8415351122459,21.00428778293376,0.0,MX4,92. Route 124033-124019.csv
108.2162602734522,16.07722826331825,0.0,Cột 3-MX,372. Route 215006 - 215038.csv
108.2333837283439,16.07741687672927,0.0,Cống bể 5,372. Route 215006 - 215038.csv
108.2343297480818,16.07763318744946,0.0,Cống bể 2,372. Route 215006 - 215038.csv
108.2345239013609,16.07785287328928,0.0,Cống bể 1-MX,372. Route 215006 - 215038.csv
108.2206579003439,16.0496049213361,0.0,Cống bể 1-MX mới,372. Route 215006 - 215038.csv
108.2328703117542,16.07760320931622,0.0,Cống bể 6,372. Route 215006 - 215038.csv
108.2341214757091,16.07739467096391,0.0,Cống bể 3,372. Route 215006 - 215038.csv
108.2338921328378,16.07718241627132,0.0,Cống bể 4,372. Route 215006 - 215038.csv
108.2323444,16.077875,0.0,Cống bể 7- MX,372. Route 215006 - 215038.csv
108.2378008055797,16.07767950439,0.0,Tuyến cáp 215005-215038 R2 ngầm VNPT,372. Route 215006 - 215038.csv
108.2377377995543,16.07769959258931,0.0,Tuyến cáp 215005-215038 R2 ngầm VNPT,372. Route 215006 - 215038.csv
108.2388226635905,16.08078272798192,0.0,Tuyến cáp 215005-215038 R2 ngầm VNPT,372. Route 215006 - 215038.csv
108.2386603065505,16.08095383215757,0.0,Tuyến cáp 215005-215038 R2 ngầm VNPT,372. Route 215006 - 215038.csv
108.238212528375,16.08105799904155,0.0,Tuyến cáp 215005-215038 R2 ngầm VNPT,372. Route 215006 - 215038.csv
108.23762785061,16.08116866722259,0.0,Tuyến cáp 215005-215038 R2 ngầm VNPT,372. Route 215006 - 215038.csv
108.2373982669186,16.08109024448116,0.0,Tuyến cáp 215005-215038 R2 ngầm VNPT,372. Route 215006 - 215038.csv
108.2372106384476,16.08090239049703,0.0,Tuyến cáp 215005-215038 R2 ngầm VNPT,372. Route 215006 - 215038.csv
108.2366504914475,16.08029581537839,0.0,Tuyến cáp 215005-215038 R2 ngầm VNPT,372. Route 215006 - 215038.csv
108.2362484336132,16.07983473149644,0.0,Tuyến cáp 215005-215038 R2 ngầm VNPT,372. Route 215006 - 215038.csv
108.2345260772588,16.07788833291165,0.0,Tuyến cáp 215005-215038 R2 ngầm VNPT,372. Route 215006 - 215038.csv
108.2343236209187,16.07764863909653,0.0,Tuyến cáp 215005-215038 R2 ngầm VNPT,372. Route 215006 - 215038.csv
108.2341214864881,16.07741170799199,0.0,Tuyến cáp 215005-215038 R2 ngầm VNPT,372. Route 215006 - 215038.csv
108.2338966084548,16.07721483371061,0.0,Tuyến cáp 215005-215038 R2 ngầm VNPT,372. Route 215006 - 215038.csv
108.2333835814839,16.07743055039708,0.0,Tuyến cáp 215005-215038 R2 ngầm VNPT,372. Route 215006 - 215038.csv
108.2328601255325,16.0776317845236,0.0,Tuyến cáp 215005-215038 R2 ngầm VNPT,372. Route 215006 - 215038.csv
108.2323420849156,16.07789830281657,0.0,Tuyến cáp 215005-215038 R2 ngầm VNPT,372. Route 215006 - 215038.csv
108.2314177427855,16.07671070624451,0.0,Tuyến cáp 215005-215038 R2 ngầm VNPT,372. Route 215006 - 215038.csv
108.2311405084012,16.075825424446,0.0,Tuyến cáp 215005-215038 R2 ngầm VNPT,372. Route 215006 - 215038.csv
108.2308667965814,16.07504117655009,0.0,Tuyến cáp 215005-215038 R2 ngầm VNPT,372. Route 215006 - 215038.csv
108.2307594538727,16.07399709734757,0.0,Tuyến cáp 215005-215038 R2 ngầm VNPT,372. Route 215006 - 215038.csv
108.2307457827758,16.07353137197392,0.0,Tuyến cáp 215005-215038 R2 ngầm VNPT,372. Route 215006 - 215038.csv
108.2309944069691,16.07197400600432,0.0,Tuyến cáp 215005-215038 R2 ngầm VNPT,372. Route 215006 - 215038.csv
108.2324335104212,16.06830031324873,0.0,Tuyến cáp 215005-215038 R2 ngầm VNPT,372. Route 215006 - 215038.csv
108.2321570906977,16.06818132833915,0.0,Tuyến cáp 215005-215038 R2 ngầm VNPT,372. Route 215006 - 215038.csv
108.2342031953919,16.06161718981177,0.0,Tuyến cáp 215005-215038 R2 ngầm VNPT,372. Route 215006 - 215038.csv
108.2365525854744,16.05341176493089,0.0,Tuyến cáp 215005-215038 R2 ngầm VNPT,372. Route 215006 - 215038.csv
108.2361305572981,16.05266566638586,0.0,Tuyến cáp 215005-215038 R2 ngầm VNPT,372. Route 215006 - 215038.csv
108.2355948326448,16.05193489109236,0.0,Tuyến cáp 215005-215038 R2 ngầm VNPT,372. Route 215006 - 215038.csv
108.2348840014994,16.0514842991637,0.0,Tuyến cáp 215005-215038 R2 ngầm VNPT,372. Route 215006 - 215038.csv
108.2340200235506,16.05122053216628,0.0,Tuyến cáp 215005-215038 R2 ngầm VNPT,372. Route 215006 - 215038.csv
108.2333260070061,16.05114377390119,0.0,Tuyến cáp 215005-215038 R2 ngầm VNPT,372. Route 215006 - 215038.csv
108.2333838834011,16.05073544242575,0.0,Tuyến cáp 215005-215038 R2 ngầm VNPT,372. Route 215006 - 215038.csv
108.2227459600822,16.04962303518991,0.0,Tuyến cáp 215005-215038 R2 ngầm VNPT,372. Route 215006 - 215038.csv
108.2224825749609,16.0498614508899,0.0,Tuyến cáp 215005-215038 R2 ngầm VNPT,372. Route 215006 - 215038.csv
108.2224195022428,16.05004150482278,0.0,Tuyến cáp 215005-215038 R2 ngầm VNPT,372. Route 215006 - 215038.csv
108.2221790662702,16.05002984343236,0.0,Tuyến cáp 215005-215038 R2 ngầm VNPT,372. Route 215006 - 215038.csv
108.2221759263424,16.04989047853062,0.0,Tuyến cáp 215005-215038 R2 ngầm VNPT,372. Route 215006 - 215038.csv
108.2219421367953,16.04953011176793,0.0,Tuyến cáp 215005-215038 R2 ngầm VNPT,372. Route 215006 - 215038.csv
108.221050783327,16.04939534314754,0.0,Tuyến cáp 215005-215038 R2 ngầm VNPT,372. Route 215006 - 215038.csv
108.2208469998476,16.04963302259124,0.0,Tuyến cáp 215005-215038 R2 ngầm VNPT,372. Route 215006 - 215038.csv
108.2206559086658,16.04961817414593,0.0,Tuyến cáp 215005-215038 R2 ngầm VNPT,372. Route 215006 - 215038.csv
108.220645967437,16.04953037335045,0.0,Tuyến cáp 215005-215038 R2 ngầm VNPT,372. Route 215006 - 215038.csv
108.2205802545125,16.0494698525682,0.0,Tuyến cáp 215005-215038 R2 ngầm VNPT,372. Route 215006 - 215038.csv
108.2205097692167,16.04942975393456,0.0,Tuyến cáp 215005-215038 R2 ngầm VNPT,372. Route 215006 - 215038.csv
108.2203647499984,16.04939501762775,0.0,Tuyến cáp 215005-215038 R2 ngầm VNPT,372. Route 215006 - 215038.csv
108.2201533113181,16.04936884548299,0.0,Tuyến cáp 215005-215038 R2 ngầm VNPT,372. Route 215006 - 215038.csv
108.2200655973785,16.04935670302752,0.0,Tuyến cáp 215005-215038 R2 ngầm VNPT,372. Route 215006 - 215038.csv
108.2199694638545,16.04934624185177,0.0,Tuyến cáp 215005-215038 R2 ngầm VNPT,372. Route 215006 - 215038.csv
108.2199724265985,16.04941035851119,0.0,Tuyến cáp 215005-215038 R2 ngầm VNPT,372. Route 215006 - 215038.csv
108.21998,16.04941,0.0,Trạm 215038-14B duy tân,372. Route 215006 - 215038.csv
108.23634,16.07989,0.0,MX- Ngầm đường số 2 KCN Massdaland,372. Route 215006 - 215038.csv
108.23487,16.0592,0.0,MX Ngầm VNPT-Đường Hà thị Thân- sơn trà,372. Route 215006 - 215038.csv
108.2405839798761,16.08679384707093,0.0,Bể VNPT-MX,372. Route 215006 - 215038.csv
108.2158292021707,16.07658,0.0,Cột đặt MX,372. Route 215006 - 215038.csv
108.2399031724627,16.08614203922123,0.0,Bể VNPT,372. Route 215006 - 215038.csv
108.215624,16.076291,0.0,Cột điện lực,372. Route 215006 - 215038.csv
108.1548,16.07602,0.0,Site 215006,372. Route 215006 - 215038.csv
108.1777354941934,16.07557875763074,0.0,BĐ,372. Route 215006 - 215038.csv
108.15839,16.07485,0.0,"Ngầm -Treo Hoàng Thị Loan, Liên Chiểu- Đà Nẵng.",372. Route 215006 - 215038.csv
108.15683,16.07577,0.0,BĐ-ĐL Ngô Sĩ Liên,372. Route 215006 - 215038.csv
108.15791,16.07435,0.0,BĐ-ĐL Nguyễn Khuyến,372. Route 215006 - 215038.csv
108.1764468930704,16.07607836444319,0.0,BĐ,372. Route 215006 - 215038.csv
108.17628,16.07614,0.0,BĐ lý thái tông,372. Route 215006 - 215038.csv
108.23954,16.08649,0.0,MX Ngầm bể VNPT 04 khúc Hạo,372. Route 215006 - 215038.csv
108.1778323397316,16.07554179598198,0.0,Ngâm Treo BĐ,372. Route 215006 - 215038.csv
108.17365,16.07224,0.0,MX Ngầm 02 Kinh Dương Vương- Thanh Khê,372. Route 215006 - 215038.csv
108.19693,16.07223,0.0,MX Ngầm 761 Nguyễn Tất Thành- Thanh Khê,372. Route 215006 - 215038.csv
108.16003,16.07907,0.0,"MX Ngầm 02 Hòa Minh,Liên Chiểu, Đà Nẵng",372. Route 215006 - 215038.csv
108.216668,16.077848,0.0,Cột 1-MX,372. Route 215006 - 215038.csv
108.21527,16.08881,0.0,MX Phía Đông- Cầu Thuận Phước,372. Route 215006 - 215038.csv
108.2333697749234,16.07739980411583,0.0,bể số 3-MX,372. Route 215006 - 215038.csv
108.2342625271247,16.07763728383126,0.0,bể số 1-MX,372. Route 215006 - 215038.csv
108.21716,16.07835,0.0,JB Pole VNPT ID.12305,372. Route 215006 - 215038.csv
108.217256,16.07836,0.0,MX 96 Nguyễn Du,372. Route 215006 - 215038.csv
108.21706,16.07842,0.0,"BĐ-ĐL đường lý tự trọng, Đống Đa",372. Route 215006 - 215038.csv
108.2164084812617,16.07746259799204,0.0,Cột 2,372. Route 215006 - 215038.csv
108.22876,16.09921,0.0,Điểm Ngầm Treo 206 đống đa- Đà Nẵng,372. Route 215006 - 215038.csv
108.2338395998821,16.07718599711308,0.0,bể số 2,372. Route 215006 - 215038.csv
108.154809635465,16.07594986365487,0.0,372. Route 215006-215038,372. Route 215006 - 215038.csv
108.1547162613862,16.07591860705787,0.0,372. Route 215006-215038,372. Route 215006 - 215038.csv
108.1548777270712,16.07552911085041,0.0,372. Route 215006-215038,372. Route 215006 - 215038.csv
108.1564219448724,16.07634324673519,0.0,372. Route 215006-215038,372. Route 215006 - 215038.csv
108.1579139816525,16.07427318370791,0.0,372. Route 215006-215038,372. Route 215006 - 215038.csv
108.1590185958882,16.07584455968733,0.0,372. Route 215006-215038,372. Route 215006 - 215038.csv
108.160449120956,16.07794664175437,0.0,372. Route 215006-215038,372. Route 215006 - 215038.csv
108.1596341906845,16.07847418901284,0.0,372. Route 215006-215038,372. Route 215006 - 215038.csv
108.1598546390097,16.07876658404309,0.0,372. Route 215006-215038,372. Route 215006 - 215038.csv
108.1587803283073,16.0794678461546,0.0,372. Route 215006-215038,372. Route 215006 - 215038.csv
108.1598646454434,16.07878379545117,0.0,372. Route 215006-215038,372. Route 215006 - 215038.csv
108.1600759418019,16.07906373099961,0.0,372. Route 215006-215038,372. Route 215006 - 215038.csv
108.160856922176,16.078545843395,0.0,372. Route 215006-215038,372. Route 215006 - 215038.csv
108.1617621603872,16.07983858247395,0.0,372. Route 215006-215038,372. Route 215006 - 215038.csv
108.1736110511493,16.07210665857972,0.0,372. Route 215006-215038,372. Route 215006 - 215038.csv
108.1751280008762,16.07437932702815,0.0,372. Route 215006-215038,372. Route 215006 - 215038.csv
108.1756594770194,16.07510643966043,0.0,372. Route 215006-215038,372. Route 215006 - 215038.csv
108.1760021049718,16.07562108486629,0.0,372. Route 215006-215038,372. Route 215006 - 215038.csv
108.176278596369,16.07614098995843,0.0,372. Route 215006-215038,372. Route 215006 - 215038.csv
108.1778452239728,16.07551891269908,0.0,372. Route 215006-215038,372. Route 215006 - 215038.csv
108.1779674725363,16.07583009244593,0.0,372. Route 215006-215038,372. Route 215006 - 215038.csv
108.178616037446,16.07563635462977,0.0,372. Route 215006-215038,372. Route 215006 - 215038.csv
108.1793339588121,16.07538085215685,0.0,372. Route 215006-215038,372. Route 215006 - 215038.csv
108.1804409780469,16.07497225346227,0.0,372. Route 215006-215038,372. Route 215006 - 215038.csv
108.1809069189798,16.07481223389515,0.0,372. Route 215006-215038,372. Route 215006 - 215038.csv
108.1823475330332,16.07428834920732,0.0,372. Route 215006-215038,372. Route 215006 - 215038.csv
108.1829984472811,16.07413352531038,0.0,372. Route 215006-215038,372. Route 215006 - 215038.csv
108.1861090491955,16.07339118140988,0.0,372. Route 215006-215038,372. Route 215006 - 215038.csv
108.1884145789824,16.07299492672082,0.0,372. Route 215006-215038,372. Route 215006 - 215038.csv
108.1897347344879,16.07279655406231,0.0,372. Route 215006-215038,372. Route 215006 - 215038.csv
108.1929714024936,16.07234177408913,0.0,372. Route 215006-215038,372. Route 215006 - 215038.csv
108.1958286637553,16.07222334881218,0.0,372. Route 215006-215038,372. Route 215006 - 215038.csv
108.1996894983572,16.0727139353589,0.0,372. Route 215006-215038,372. Route 215006 - 215038.csv
108.2012223735259,16.07308032783172,0.0,372. Route 215006-215038,372. Route 215006 - 215038.csv
108.2043753877133,16.0743760126793,0.0,372. Route 215006-215038,372. Route 215006 - 215038.csv
108.2059760463957,16.0752718201044,0.0,372. Route 215006-215038,372. Route 215006 - 215038.csv
108.2071162447674,16.07608016552896,0.0,372. Route 215006-215038,372. Route 215006 - 215038.csv
108.2078069259804,16.07660562290288,0.0,372. Route 215006-215038,372. Route 215006 - 215038.csv
108.2083421662783,16.07712994653495,0.0,372. Route 215006-215038,372. Route 215006 - 215038.csv
108.2091193214618,16.07787788901265,0.0,372. Route 215006-215038,372. Route 215006 - 215038.csv
108.2098632285788,16.07875273875315,0.0,372. Route 215006-215038,372. Route 215006 - 215038.csv
108.2110443193744,16.08018216767851,0.0,372. Route 215006-215038,372. Route 215006 - 215038.csv
108.2114249464104,16.07982158738482,0.0,372. Route 215006-215038,372. Route 215006 - 215038.csv
108.2115351296038,16.0796711801246,0.0,372. Route 215006-215038,372. Route 215006 - 215038.csv
108.2117962721867,16.0784497303203,0.0,372. Route 215006-215038,372. Route 215006 - 215038.csv
108.2119420955735,16.07845507114086,0.0,372. Route 215006-215038,372. Route 215006 - 215038.csv
108.2120767792526,16.0776519622841,0.0,372. Route 215006-215038,372. Route 215006 - 215038.csv
108.2153567265857,16.075578638438,0.0,372. Route 215006-215038,372. Route 215006 - 215038.csv
108.2157465818879,16.07620926337271,0.0,372. Route 215006-215038,372. Route 215006 - 215038.csv
108.2156242513366,16.07630310508502,0.0,372. Route 215006-215038,372. Route 215006 - 215038.csv
108.2155937861467,16.07633084465904,0.0,372. Route 215006-215038,372. Route 215006 - 215038.csv
108.2158249179591,16.07663596229082,0.0,372. Route 215006-215038,372. Route 215006 - 215038.csv
108.2162364126907,16.07726073007847,0.0,372. Route 215006-215038,372. Route 215006 - 215038.csv
108.2164120168374,16.07748588804704,0.0,372. Route 215006-215038,372. Route 215006 - 215038.csv
108.2166581891161,16.07788240581446,0.0,372. Route 215006-215038,372. Route 215006 - 215038.csv
108.2170714306995,16.07846325458824,0.0,372. Route 215006-215038,372. Route 215006 - 215038.csv
108.2171643312771,16.0783766910497,0.0,372. Route 215006-215038,372. Route 215006 - 215038.csv
108.2172635008658,16.07837645160727,0.0,372. Route 215006-215038,372. Route 215006 - 215038.csv
108.2193923721672,16.07857432844537,0.0,372. Route 215006-215038,372. Route 215006 - 215038.csv
108.2192212427469,16.08010474668637,0.0,372. Route 215006-215038,372. Route 215006 - 215038.csv
108.2190890625043,16.08088977705974,0.0,372. Route 215006-215038,372. Route 215006 - 215038.csv
108.2191655872845,16.08098811781005,0.0,372. Route 215006-215038,372. Route 215006 - 215038.csv
108.2191823243197,16.08128961937436,0.0,372. Route 215006-215038,372. Route 215006 - 215038.csv
108.2195590019049,16.08173739901247,0.0,372. Route 215006-215038,372. Route 215006 - 215038.csv
108.2203256724209,16.0821738417626,0.0,372. Route 215006-215038,372. Route 215006 - 215038.csv
108.2221346830394,16.08249629712714,0.0,372. Route 215006-215038,372. Route 215006 - 215038.csv
108.2220812296453,16.08280867557423,0.0,372. Route 215006-215038,372. Route 215006 - 215038.csv
108.2224267674199,16.08304073104975,0.0,372. Route 215006-215038,372. Route 215006 - 215038.csv
108.2216765442452,16.08404552929374,0.0,372. Route 215006-215038,372. Route 215006 - 215038.csv
108.2210831990527,16.08468619094289,0.0,372. Route 215006-215038,372. Route 215006 - 215038.csv
108.2193477673627,16.08565204214406,0.0,372. Route 215006-215038,372. Route 215006 - 215038.csv
108.2173246889285,16.08664741722288,0.0,372. Route 215006-215038,372. Route 215006 - 215038.csv
108.2159215467528,16.08728350960963,0.0,372. Route 215006-215038,372. Route 215006 - 215038.csv
108.2158417785673,16.08750531177659,0.0,372. Route 215006-215038,372. Route 215006 - 215038.csv
108.2157403572364,16.087529421048,0.0,372. Route 215006-215038,372. Route 215006 - 215038.csv
108.2154377072028,16.0878621049034,0.0,372. Route 215006-215038,372. Route 215006 - 215038.csv
108.2152456381316,16.08881375023475,0.0,372. Route 215006-215038,372. Route 215006 - 215038.csv
108.2151523510479,16.08934608560391,0.0,372. Route 215006-215038,372. Route 215006 - 215038.csv
108.2151502694987,16.08995073712243,0.0,372. Route 215006-215038,372. Route 215006 - 215038.csv
108.2151478613262,16.09026016653638,0.0,372. Route 215006-215038,372. Route 215006 - 215038.csv
108.215046089351,16.09040882019464,0.0,372. Route 215006-215038,372. Route 215006 - 215038.csv
108.2150354410696,16.09119592060543,0.0,372. Route 215006-215038,372. Route 215006 - 215038.csv
108.2151752874851,16.09178674982525,0.0,372. Route 215006-215038,372. Route 215006 - 215038.csv
108.2152960260466,16.09198867008801,0.0,372. Route 215006-215038,372. Route 215006 - 215038.csv
108.215879465211,16.09262844010047,0.0,372. Route 215006-215038,372. Route 215006 - 215038.csv
108.2163956554839,16.09288919913131,0.0,372. Route 215006-215038,372. Route 215006 - 215038.csv
108.2171405376618,16.09340928687592,0.0,372. Route 215006-215038,372. Route 215006 - 215038.csv
108.2178636680773,16.09379253148555,0.0,372. Route 215006-215038,372. Route 215006 - 215038.csv
108.2192130202538,16.09449676706135,0.0,372. Route 215006-215038,372. Route 215006 - 215038.csv
108.2240785757952,16.09689526072912,0.0,372. Route 215006-215038,372. Route 215006 - 215038.csv
108.2275402408515,16.09853184536622,0.0,372. Route 215006-215038,372. Route 215006 - 215038.csv
108.2287676502236,16.09918639625478,0.0,372. Route 215006-215038,372. Route 215006 - 215038.csv
108.2300689266168,16.09978310483445,0.0,372. Route 215006-215038,372. Route 215006 - 215038.csv
108.2306984038672,16.09835674713876,0.0,372. Route 215006-215038,372. Route 215006 - 215038.csv
108.2312404136846,16.09722923984213,0.0,372. Route 215006-215038,372. Route 215006 - 215038.csv
108.2340606718513,16.0947481269681,0.0,372. Route 215006-215038,372. Route 215006 - 215038.csv
108.236454193565,16.09253937030262,0.0,372. Route 215006-215038,372. Route 215006 - 215038.csv
108.2405191438817,16.08903819223181,0.0,372. Route 215006-215038,372. Route 215006 - 215038.csv
108.2387435277951,16.08714320682015,0.0,372. Route 215006-215038,372. Route 215006 - 215038.csv
108.2399201841514,16.08620787803326,0.0,372. Route 215006-215038,372. Route 215006 - 215038.csv
108.240569248348,16.08682628600556,0.0,372. Route 215006-215038,372. Route 215006 - 215038.csv
108.2408080020814,16.08661859617295,0.0,372. Route 215006-215038,372. Route 215006 - 215038.csv
108.2398810569637,16.08557678537747,0.0,372. Route 215006-215038,372. Route 215006 - 215038.csv
108.2368699807171,16.08246870418266,0.0,372. Route 215006-215038,372. Route 215006 - 215038.csv
108.2324060809818,16.07793372736352,0.0,372. Route 215006-215038,372. Route 215006 - 215038.csv
108.2329555037251,16.07765894718958,0.0,372. Route 215006-215038,372. Route 215006 - 215038.csv
108.2332827222394,16.077519384225,0.0,372. Route 215006-215038,372. Route 215006 - 215038.csv
108.2338952424142,16.0772725483274,0.0,372. Route 215006-215038,372. Route 215006 - 215038.csv
108.2363448186879,16.07990246829005,0.0,372. Route 215006-215038,372. Route 215006 - 215038.csv
108.2375065775065,16.0812147678338,0.0,372. Route 215006-215038,372. Route 215006 - 215038.csv
108.2386929123629,16.08101182761251,0.0,372. Route 215006-215038,372. Route 215006 - 215038.csv
108.2389229369016,16.08078991079133,0.0,372. Route 215006-215038,372. Route 215006 - 215038.csv
108.2388483311469,16.08039418454198,0.0,372. Route 215006-215038,372. Route 215006 - 215038.csv
108.2377281392738,16.07774264211846,0.0,372. Route 215006-215038,372. Route 215006 - 215038.csv
108.2377869179034,16.07767695545203,0.0,372. Route 215006-215038,372. Route 215006 - 215038.csv
105.8339552404367,21.00805992801466,0.0,Cap treo 1,Cap treo 124019-33.csv
105.8340078636772,21.00809718884315,0.0,Cap treo 1,Cap treo 124019-33.csv
105.8349232261587,21.00712434838139,0.0,Cap treo 1,Cap treo 124019-33.csv
105.8355617785026,21.00645584207608,0.0,Cap treo 1,Cap treo 124019-33.csv
105.8352186569968,21.00618794949277,0.0,Cap treo 1,Cap treo 124019-33.csv
105.8355688555201,21.00497149068796,0.0,Cap treo 1,Cap treo 124019-33.csv
105.835994987547,21.00344860415703,0.0,Cap treo 1,Cap treo 124019-33.csv
105.8382980849371,21.00405244958524,0.0,Cap treo 1,Cap treo 124019-33.csv
105.8393471461889,21.00427598135024,0.0,Cap treo 1,Cap treo 124019-33.csv
105.8407600073192,21.00426048092862,0.0,Cap treo 1,Cap treo 124019-33.csv
105.8410242480102,21.00424411450226,0.0,Cap treo 1,Cap treo 124019-33.csv
105.8410356143807,21.0041426821455,0.0,Cap treo 1,Cap treo 124019-33.csv
105.8412374403903,21.00415062246758,0.0,Cap treo 1,Cap treo 124019-33.csv
105.8412545001592,21.00448608385966,0.0,Cap treo 1,Cap treo 124019-33.csv
105.841580419426,21.00450038872373,0.0,Cap treo 1,Cap treo 124019-33.csv
105.8415332177497,21.00429853898761,0.0,Cap treo 1,Cap treo 124019-33.csv
105.8416890710146,20.99982470124161,0.0,Cap treo 2,Cap treo 124019-33.csv
105.8417912197739,20.99955422441256,0.0,Cap treo 2,Cap treo 124019-33.csv
105.8417281184501,20.99953641572737,0.0,Cap treo 2,Cap treo 124019-33.csv
105.8423686731512,20.99792585039242,0.0,Cap treo 2,Cap treo 124019-33.csv
105.8424552936587,20.99770898495983,0.0,Cap treo 2,Cap treo 124019-33.csv
105.8424643202863,20.9975175221451,0.0,Cap treo 2,Cap treo 124019-33.csv
105.8428507977397,20.99750041358597,0.0,Cap treo 2,Cap treo 124019-33.csv
105.8441599754775,20.99723315755647,0.0,Cap treo 2,Cap treo 124019-33.csv
105.8455404660161,20.99689525206794,0.0,Cap treo 2,Cap treo 124019-33.csv
105.8460253696608,20.99673791910013,0.0,Cap treo 2,Cap treo 124019-33.csv
105.8465594149459,20.99663976237743,0.0,Cap treo 2,Cap treo 124019-33.csv
105.8469904945922,20.99655377193177,0.0,Cap treo 2,Cap treo 124019-33.csv
105.8475637193358,20.99645582968961,0.0,Cap treo 2,Cap treo 124019-33.csv
105.8479321825534,20.99641066788864,0.0,Cap treo 2,Cap treo 124019-33.csv
105.8483997694193,20.99635788339575,0.0,Cap treo 2,Cap treo 124019-33.csv
105.8489655081199,20.99628471088727,0.0,Cap treo 2,Cap treo 124019-33.csv
105.8494633773471,20.99620360183116,0.0,Cap treo 2,Cap treo 124019-33.csv
105.8497470852538,20.99616142160356,0.0,Cap treo 2,Cap treo 124019-33.csv
105.8498276984296,20.99597152803953,0.0,Cap treo 2,Cap treo 124019-33.csv
105.8498982968434,20.99580546752752,0.0,Cap treo 2,Cap treo 124019-33.csv
105.8496583095408,20.99582781518244,0.0,Cap treo 2,Cap treo 124019-33.csv
105.8496579885254,20.99574631046275,0.0,Cap treo 2,Cap treo 124019-33.csv
105.8497558981927,20.99568033785407,0.0,Cap treo 2,Cap treo 124019-33.csv
105.8499355247097,20.9956629863182,0.0,Cap treo 2,Cap treo 124019-33.csv
105.8499671336787,20.99565335730411,0.0,Cap treo 2,Cap treo 124019-33.csv
105.8500361460918,20.99574006922116,0.0,Cap treo 2,Cap treo 124019-33.csv
105.8518524589046,20.9955298668289,0.0,Cap treo 2,Cap treo 124019-33.csv
105.8524265230436,20.99545532737353,0.0,Cap treo 2,Cap treo 124019-33.csv
105.8535873559824,20.99532369560141,0.0,Cap treo 2,Cap treo 124019-33.csv
105.8549029512997,20.9951668916726,0.0,Cap treo 2,Cap treo 124019-33.csv
105.8562234973474,20.99502345330801,0.0,Cap treo 2,Cap treo 124019-33.csv
105.8569442881371,20.99495101511528,0.0,Cap treo 2,Cap treo 124019-33.csv
105.8578140913724,20.99498639018208,0.0,Cap treo 2,Cap treo 124019-33.csv
105.8586680932659,20.9950911090858,0.0,Cap treo 2,Cap treo 124019-33.csv
105.8591530346875,20.99519599270721,0.0,Cap treo 2,Cap treo 124019-33.csv
105.8598094772603,20.99536491751263,0.0,Cap treo 2,Cap treo 124019-33.csv
105.8602823644784,20.99547532193459,0.0,Cap treo 2,Cap treo 124019-33.csv
105.8605848678944,20.99554674079605,0.0,Cap treo 2,Cap treo 124019-33.csv
105.8607678927831,20.9954408943852,0.0,Cap treo 2,Cap treo 124019-33.csv
108.1421793037881,16.07191953049642,0.0,Cột MX,371. Route 215006 - 215009.csv
108.1414396867799,16.07186160283458,0.0,Cột -MX,371. Route 215006 - 215009.csv
108.15562,16.07117,0.0,Pole EVN 2,371. Route 215006 - 215009.csv
108.1430933053559,16.07445265554481,0.0,Cột ĐL,371. Route 215006 - 215009.csv
108.1419776861825,16.07181611814706,0.0,Cột,371. Route 215006 - 215009.csv
108.15151,16.07356,0.0,Tank Drain 5,371. Route 215006 - 215009.csv
108.15058,16.07324,0.0,Tank Drain 10,371. Route 215006 - 215009.csv
108.15313,16.07416,0.0,Tank Drain 2,371. Route 215006 - 215009.csv
108.1548743822289,16.07605249763223,0.0,Site 215006- Ngô Sĩ Liên,371. Route 215006 - 215009.csv
108.15182,16.07368,0.0,Tank Drain 7,371. Route 215006 - 215009.csv
108.15136,16.07348,0.0,Tank Drain 8,371. Route 215006 - 215009.csv
108.15092,16.07334,0.0,Tank Drain 9,371. Route 215006 - 215009.csv
108.1488580305253,16.07606990645562,0.0,MX  Ngầm 92 Nguyễn Lương Bằng -Hòa Khánh,371. Route 215006 - 215009.csv
108.15222,16.07387,0.0,Tank Drain 6,371. Route 215006 - 215009.csv
108.1535,16.07428,0.0,Tank Drain 1,371. Route 215006 - 215009.csv
108.1527,16.07404,0.0,Tank Drain 4,371. Route 215006 - 215009.csv
108.1501,16.07306,0.0,Tank Drain 11,371. Route 215006 - 215009.csv
108.15308,16.07415,0.0,Tank Drain 3,371. Route 215006 - 215009.csv
108.15009,16.07302,0.0,"Điểm Ngầm Treo,đường Ngô Sĩ Liên,Liên Chiểu, Đà nẵng",371. Route 215006 - 215009.csv
108.15472,16.07547,0.0,băng đường,371. Route 215006 - 215009.csv
108.13605,16.08029,0.0,"MX Ngầm Đường số 09 KCN Hòa Khánh ,Liên Chiểu, Đà Nẵng",371. Route 215006 - 215009.csv
108.15009,16.07302,0.0,MX2,371. Route 215006 - 215009.csv
108.15353,16.07431,0.0,Cột MX,371. Route 215006 - 215009.csv
108.15567,16.07137,0.0,Pole EVN 01,371. Route 215006 - 215009.csv
108.17602,16.06498,0.0,"Điểm hạ ngầm cột 2207 Băng Đường,Nguyễn Như Hạnh",371. Route 215006 - 215009.csv
108.1353223091512,16.07917650879837,0.0,371. Route 215006 - 215009 (215006 - Viettel),371. Route 215006 - 215009.csv
108.1355649003467,16.07942973749188,0.0,371. Route 215006 - 215009 (215006 - Viettel),371. Route 215006 - 215009.csv
108.1357324203201,16.07960326402043,0.0,371. Route 215006 - 215009 (215006 - Viettel),371. Route 215006 - 215009.csv
108.1358601362915,16.07977959345649,0.0,371. Route 215006 - 215009 (215006 - Viettel),371. Route 215006 - 215009.csv
108.1359840671221,16.07992137422382,0.0,371. Route 215006 - 215009 (215006 - Viettel),371. Route 215006 - 215009.csv
108.1360933509934,16.08003230200855,0.0,371. Route 215006 - 215009 (215006 - Viettel),371. Route 215006 - 215009.csv
108.1361655257624,16.08012511573217,0.0,371. Route 215006 - 215009 (215006 - Viettel),371. Route 215006 - 215009.csv
108.1360825476006,16.08035307913761,0.0,371. Route 215006 - 215009 (215006 - Viettel),371. Route 215006 - 215009.csv
108.1397553794486,16.07713584555683,0.0,371. Route 215006 - 215009 (215006 - Viettel),371. Route 215006 - 215009.csv
108.1429285493129,16.0809640869184,0.0,371. Route 215006 - 215009 (215006 - Viettel),371. Route 215006 - 215009.csv
108.1431432569824,16.08078753341033,0.0,371. Route 215006 - 215009 (215006 - Viettel),371. Route 215006 - 215009.csv
108.1455981879542,16.0835148450429,0.0,371. Route 215006 - 215009 (215006 - Viettel),371. Route 215006 - 215009.csv
108.1457969918099,16.08358873805522,0.0,371. Route 215006 - 215009 (215006 - Viettel),371. Route 215006 - 215009.csv
108.1483984889408,16.07729536428223,0.0,371. Route 215006 - 215009 (215006 - Viettel),371. Route 215006 - 215009.csv
108.1500852419397,16.07303214103563,0.0,371. Route 215006 - 215009 (215006 - Viettel),371. Route 215006 - 215009.csv
108.1500849442129,16.07302734100841,0.0,371. Route 215006 - 215009 (215006 - Viettel),371. Route 215006 - 215009.csv
108.1505744608709,16.07324665957079,0.0,371. Route 215006 - 215009 (215006 - Viettel),371. Route 215006 - 215009.csv
108.1509164315602,16.073341188984,0.0,371. Route 215006 - 215009 (215006 - Viettel),371. Route 215006 - 215009.csv
108.1515124911818,16.07355559424752,0.0,371. Route 215006 - 215009 (215006 - Viettel),371. Route 215006 - 215009.csv
108.1518050388327,16.07369160417014,0.0,371. Route 215006 - 215009 (215006 - Viettel),371. Route 215006 - 215009.csv
108.1522210946,16.07386850956447,0.0,371. Route 215006 - 215009 (215006 - Viettel),371. Route 215006 - 215009.csv
108.1513551953868,16.07349230942748,0.0,371. Route 215006 - 215009 (215006 - Viettel),371. Route 215006 - 215009.csv
108.1513566590541,16.07348869806846,0.0,371. Route 215006 - 215009 (215006 - Viettel),371. Route 215006 - 215009.csv
108.1513558000156,16.07348876539112,0.0,371. Route 215006 - 215009 (215006 - Viettel),371. Route 215006 - 215009.csv
108.1513577119684,16.07349123685584,0.0,371. Route 215006 - 215009 (215006 - Viettel),371. Route 215006 - 215009.csv
108.1513612843849,16.07349270779301,0.0,371. Route 215006 - 215009 (215006 - Viettel),371. Route 215006 - 215009.csv
108.1513773552522,16.07349847862624,0.0,371. Route 215006 - 215009 (215006 - Viettel),371. Route 215006 - 215009.csv
108.1513818952581,16.07350077066876,0.0,371. Route 215006 - 215009 (215006 - Viettel),371. Route 215006 - 215009.csv
108.1514097932521,16.07351012668172,0.0,371. Route 215006 - 215009 (215006 - Viettel),371. Route 215006 - 215009.csv
108.1514134418458,16.07351162700786,0.0,371. Route 215006 - 215009 (215006 - Viettel),371. Route 215006 - 215009.csv
108.1514163171731,16.07351408770018,0.0,371. Route 215006 - 215009 (215006 - Viettel),371. Route 215006 - 215009.csv
108.1514266352684,16.07352047206344,0.0,371. Route 215006 - 215009 (215006 - Viettel),371. Route 215006 - 215009.csv
108.1514434484913,16.07352911810582,0.0,371. Route 215006 - 215009 (215006 - Viettel),371. Route 215006 - 215009.csv
108.1514528410177,16.07353385344004,0.0,371. Route 215006 - 215009 (215006 - Viettel),371. Route 215006 - 215009.csv
108.1514657962886,16.07353833202634,0.0,371. Route 215006 - 215009 (215006 - Viettel),371. Route 215006 - 215009.csv
108.1514752899075,16.07354311873291,0.0,371. Route 215006 - 215009 (215006 - Viettel),371. Route 215006 - 215009.csv
108.1514801829562,16.07354646146069,0.0,371. Route 215006 - 215009 (215006 - Viettel),371. Route 215006 - 215009.csv
108.1514815472094,16.07355007827497,0.0,371. Route 215006 - 215009 (215006 - Viettel),371. Route 215006 - 215009.csv
108.1514849354829,16.07355542821088,0.0,371. Route 215006 - 215009 (215006 - Viettel),371. Route 215006 - 215009.csv
108.151488094384,16.07355894432836,0.0,371. Route 215006 - 215009 (215006 - Viettel),371. Route 215006 - 215009.csv
108.1514921559711,16.07356240658676,0.0,371. Route 215006 - 215009 (215006 - Viettel),371. Route 215006 - 215009.csv
108.151505822715,16.07356990918767,0.0,371. Route 215006 - 215009 (215006 - Viettel),371. Route 215006 - 215009.csv
108.1515122243069,16.07357038529584,0.0,371. Route 215006 - 215009 (215006 - Viettel),371. Route 215006 - 215009.csv
108.1515152631215,16.07356636439546,0.0,371. Route 215006 - 215009 (215006 - Viettel),371. Route 215006 - 215009.csv
108.151516234418,16.07356062338423,0.0,371. Route 215006 - 215009 (215006 - Viettel),371. Route 215006 - 215009.csv
108.1515141810145,16.07355889228846,0.0,371. Route 215006 - 215009 (215006 - Viettel),371. Route 215006 - 215009.csv
108.1522200649099,16.07387036992432,0.0,371. Route 215006 - 215009 (215006 - Viettel),371. Route 215006 - 215009.csv
108.1522189515251,16.07387313422675,0.0,371. Route 215006 - 215009 (215006 - Viettel),371. Route 215006 - 215009.csv
108.1522199584393,16.07386330379061,0.0,371. Route 215006 - 215009 (215006 - Viettel),371. Route 215006 - 215009.csv
108.1526981329815,16.07404427631277,0.0,371. Route 215006 - 215009 (215006 - Viettel),371. Route 215006 - 215009.csv
108.1531261898852,16.07416806077731,0.0,371. Route 215006 - 215009 (215006 - Viettel),371. Route 215006 - 215009.csv
108.1531288060708,16.07416594953892,0.0,371. Route 215006 - 215009 (215006 - Viettel),371. Route 215006 - 215009.csv
108.1535017884915,16.07428477194997,0.0,371. Route 215006 - 215009 (215006 - Viettel),371. Route 215006 - 215009.csv
108.1535304800266,16.07430883496451,0.0,371. Route 215006 - 215009 (215006 - Viettel),371. Route 215006 - 215009.csv
108.1547857383258,16.07482534198357,0.0,371. Route 215006 - 215009 (215006 - Viettel),371. Route 215006 - 215009.csv
108.154683019699,16.07545724692984,0.0,371. Route 215006 - 215009 (215006 - Viettel),371. Route 215006 - 215009.csv
108.1548883864436,16.07557425716191,0.0,371. Route 215006 - 215009 (215006 - Viettel),371. Route 215006 - 215009.csv
108.1547347162895,16.07591574874483,0.0,371. Route 215006 - 215009 (215006 - Viettel),371. Route 215006 - 215009.csv
108.1548318602917,16.07595312242863,0.0,371. Route 215006 - 215009 (215006 - Viettel),371. Route 215006 - 215009.csv
108.1522201030899,16.07053125756329,0.0,Cột -MX,371. Route 215006 - 215009.csv
108.1428868560537,16.07391294324825,0.0,Cột ĐL-MX,371. Route 215006 - 215009.csv
108.1432331179912,16.07482851915857,0.0,Cột ĐL-MX,371. Route 215006 - 215009.csv
108.1528125962591,16.07062468227942,0.0,Cột -MX,371. Route 215006 - 215009.csv
108.1525043291328,16.07059491159335,0.0,Cột,371. Route 215006 - 215009.csv
108.132701743997,16.07643981671394,0.0,Cột CS 01,371. Route 215006 - 215009.csv
108.1503969198819,16.07160268258314,0.0,Cống bể,371. Route 215006 - 215009.csv
108.1329077727839,16.07667636741266,0.0,Cột CS 02,371. Route 215006 - 215009.csv
108.1737450189526,16.06465035221293,0.0,"Điểm hạ ngầm 2203 Băng Đường,Nguyễn Như Hạnh",371. Route 215006 - 215009.csv
108.15657,16.06799,0.0,Điểm Ngầm Treo Cột 2155 Nguyễn Sinh Săc,371. Route 215006 - 215009.csv
108.14909,16.0749,0.0,Điểm Ngầm Treo K 97 Nguyễn Lương Bằng,371. Route 215006 - 215009.csv
108.15357,16.07021,0.0,"BĐ, 41 Ngô Thì Nhậm",371. Route 215006 - 215009.csv
108.1881772754783,16.06753936832957,0.0,BĐ-đường Nguyễn Đức Trung-Thanh Khê- Đà Nẵng,371. Route 215006 - 215009.csv
108.2016,16.07022,0.0,"BĐ-đường Lê Độ, Thanh Khê, Đà Nẵng",371. Route 215006 - 215009.csv
108.1568986527951,16.06696125475773,0.0,Điểm Ngầm Treo Cột 2157 Nguyễn Sinh Săc,371. Route 215006 - 215009.csv
108.1918144216448,16.06824457748274,0.0,BĐ,371. Route 215006 - 215009.csv
108.1878451469548,16.06748903494067,0.0,BĐ,371. Route 215006 - 215009.csv
108.1831026325673,16.06649926544573,0.0,BĐ-đường Trần Cao Vân-Thanh Khê-Đà Nẵng,371. Route 215006 - 215009.csv
108.1669897796799,16.06320091146733,0.0,BĐ-Tô Hiệu-Thanh Khê-Liên Chiểu-Hòa Khánh -Đà Nẵng,371. Route 215006 - 215009.csv
108.1825313338657,16.06640186873533,0.0,BĐ,371. Route 215006 - 215009.csv
108.1606049965753,16.06235279250091,0.0,BĐ-Nguyễn Khuyến -Liên Chiểu-Hòa khánh-Đà Nẵng,371. Route 215006 - 215009.csv
108.1557782580952,16.07128966293105,0.0,BĐ-đường Ngô Thì Nhậm-Thanh Khê-Đà Nẵng,371. Route 215006 - 215009.csv
108.15341,16.07028,0.0,BĐ,371. Route 215006 - 215009.csv
108.1667436546896,16.06313759539847,0.0,BĐ,371. Route 215006 - 215009.csv
108.1556412655608,16.0712751512542,0.0,BĐ EVN-EVN Ngo Thi Nham,371. Route 215006 - 215009.csv
108.1603685533793,16.06240200527822,0.0,BĐ,371. Route 215006 - 215009.csv
108.19215,16.06833,0.0,BĐ-đường Hà Huy Tập-Thanh Khê- Đà Nẵng.,371. Route 215006 - 215009.csv
108.2039676134748,16.06725826737074,0.0,Site 215009,371. Route 215006 - 215009.csv
108.14401,16.07574,0.0,"BĐ- Lạc Long Quân,",371. Route 215006 - 215009.csv
108.1325582933276,16.07625596730939,0.0,Cột CS 54-MX,371. Route 215006 - 215009.csv
108.1554,16.07113,0.0,JB Pole EVN 03,371. Route 215006 - 215009.csv
108.1330998807615,16.07688553302335,0.0,Cột CS 03-MX,371. Route 215006 - 215009.csv
108.15569,16.07153,0.0,JB Pole VNR ID.2147,371. Route 215006 - 215009.csv
108.1704359095331,16.06387458773202,0.0,"Điểm MX cột2216Nam Trân, Thanh Khê Đà Nẵng.",371. Route 215006 - 215009.csv
108.18137,16.0661,0.0,MX- Cột 2218 Dũng Sĩ Thanh Khê,371. Route 215006 - 215009.csv
108.17113,16.06402,0.0,"Điểm MX cột 22197 A Nam Trân, Thanh Khê Đà Nẵng.",371. Route 215006 - 215009.csv
108.1602710248319,16.06241240431009,0.0,"MX- Cột 2173,Nguyễn Khuyến",371. Route 215006 - 215009.csv
108.144156,16.0756255,0.0,JB sự cố 15/01/2019,371. Route 215006 - 215009.csv
108.2040216406557,16.06738502421597,0.0,371. Route 215006-215009 (215009-Viettel),371. Route 215006 - 215009.csv
108.2039409359809,16.06717428472867,0.0,371. Route 215006-215009 (215009-Viettel),371. Route 215006 - 215009.csv
108.2027136726168,16.06715207949148,0.0,371. Route 215006-215009 (215009-Viettel),371. Route 215006 - 215009.csv
108.2020421278726,16.06681481641662,0.0,371. Route 215006-215009 (215009-Viettel),371. Route 215006 - 215009.csv
108.201764524732,16.06670484087051,0.0,371. Route 215006-215009 (215009-Viettel),371. Route 215006 - 215009.csv
108.2016344148581,16.06698843618259,0.0,371. Route 215006-215009 (215009-Viettel),371. Route 215006 - 215009.csv
108.2015861824756,16.06734710306016,0.0,371. Route 215006-215009 (215009-Viettel),371. Route 215006 - 215009.csv
108.2015934593264,16.06820570893357,0.0,371. Route 215006-215009 (215009-Viettel),371. Route 215006 - 215009.csv
108.2016375068126,16.06884521298138,0.0,371. Route 215006-215009 (215009-Viettel),371. Route 215006 - 215009.csv
108.2016243100314,16.06901126195323,0.0,371. Route 215006-215009 (215009-Viettel),371. Route 215006 - 215009.csv
108.2015919141187,16.07022728247439,0.0,371. Route 215006-215009 (215009-Viettel),371. Route 215006 - 215009.csv
108.2012173690642,16.07006511170401,0.0,371. Route 215006-215009 (215009-Viettel),371. Route 215006 - 215009.csv
108.1919575533835,16.06821363634682,0.0,371. Route 215006-215009 (215009-Viettel),371. Route 215006 - 215009.csv
108.1745642634368,16.06468842020439,0.0,371. Route 215006-215009 (215009-Viettel),371. Route 215006 - 215009.csv
108.1674909841862,16.06323696280275,0.0,371. Route 215006-215009 (215009-Viettel),371. Route 215006 - 215009.csv
108.1623704022236,16.06231387196038,0.0,371. Route 215006-215009 (215009-Viettel),371. Route 215006 - 215009.csv
108.1613747670388,16.06225645151608,0.0,371. Route 215006-215009 (215009-Viettel),371. Route 215006 - 215009.csv
108.1602684113559,16.06245606004049,0.0,371. Route 215006-215009 (215009-Viettel),371. Route 215006 - 215009.csv
108.1594263191122,16.06278198906345,0.0,371. Route 215006-215009 (215009-Viettel),371. Route 215006 - 215009.csv
108.1586871524479,16.06327286942073,0.0,371. Route 215006-215009 (215009-Viettel),371. Route 215006 - 215009.csv
108.1580553140791,16.06381094699526,0.0,371. Route 215006-215009 (215009-Viettel),371. Route 215006 - 215009.csv
108.1575427283973,16.06460159635481,0.0,371. Route 215006-215009 (215009-Viettel),371. Route 215006 - 215009.csv
108.1571543396416,16.06546917803413,0.0,371. Route 215006-215009 (215009-Viettel),371. Route 215006 - 215009.csv
108.1559231117282,16.07054149175949,0.0,371. Route 215006-215009 (215009-Viettel),371. Route 215006 - 215009.csv
108.1558264109263,16.07113970007424,0.0,371. Route 215006-215009 (215009-Viettel),371. Route 215006 - 215009.csv
108.1556901263326,16.07154157139431,0.0,371. Route 215006-215009 (215009-Viettel),371. Route 215006 - 215009.csv
108.1556653310969,16.07138191482481,0.0,371. Route 215006-215009 (215009-Viettel),371. Route 215006 - 215009.csv
108.1556164956392,16.07117924943124,0.0,371. Route 215006-215009 (215009-Viettel),371. Route 215006 - 215009.csv
108.155393851758,16.07113532596913,0.0,371. Route 215006-215009 (215009-Viettel),371. Route 215006 - 215009.csv
108.1535537418843,16.07021327235976,0.0,371. Route 215006-215009 (215009-Viettel),371. Route 215006 - 215009.csv
108.1530238592897,16.07053715754806,0.0,371. Route 215006-215009 (215009-Viettel),371. Route 215006 - 215009.csv
108.1525852978506,16.07062042017299,0.0,371. Route 215006-215009 (215009-Viettel),371. Route 215006 - 215009.csv
108.1513103968534,16.07020196529624,0.0,371. Route 215006-215009 (215009-Viettel),371. Route 215006 - 215009.csv
108.1508027056676,16.07129903602198,0.0,371. Route 215006-215009 (215009-Viettel),371. Route 215006 - 215009.csv
108.1505396451005,16.07129705986693,0.0,371. Route 215006-215009 (215009-Viettel),371. Route 215006 - 215009.csv
108.1503907464584,16.07160840232271,0.0,371. Route 215006-215009 (215009-Viettel),371. Route 215006 - 215009.csv
108.150093784222,16.07249362937429,0.0,371. Route 215006-215009 (215009-Viettel),371. Route 215006 - 215009.csv
108.1490974806402,16.07490563076746,0.0,371. Route 215006-215009 (215009-Viettel),371. Route 215006 - 215009.csv
108.1470724519101,16.07418360806388,0.0,371. Route 215006-215009 (215009-Viettel),371. Route 215006 - 215009.csv
108.1466232686563,16.07395410111027,0.0,371. Route 215006-215009 (215009-Viettel),371. Route 215006 - 215009.csv
108.1463546906027,16.07414731591629,0.0,371. Route 215006-215009 (215009-Viettel),371. Route 215006 - 215009.csv
108.1460381834079,16.07436645422317,0.0,371. Route 215006-215009 (215009-Viettel),371. Route 215006 - 215009.csv
108.1456752961977,16.07480333573292,0.0,371. Route 215006-215009 (215009-Viettel),371. Route 215006 - 215009.csv
108.1439968124902,16.07574314704917,0.0,371. Route 215006-215009 (215009-Viettel),371. Route 215006 - 215009.csv
108.1439061237305,16.07581055737296,0.0,371. Route 215006-215009 (215009-Viettel),371. Route 215006 - 215009.csv
108.14382004635,16.07573535858987,0.0,371. Route 215006-215009 (215009-Viettel),371. Route 215006 - 215009.csv
108.1436928963102,16.07561241067336,0.0,371. Route 215006-215009 (215009-Viettel),371. Route 215006 - 215009.csv
108.1435575012062,16.07546998264548,0.0,371. Route 215006-215009 (215009-Viettel),371. Route 215006 - 215009.csv
108.1434958470768,16.07538207289088,0.0,371. Route 215006-215009 (215009-Viettel),371. Route 215006 - 215009.csv
108.1434277124874,16.07527604303926,0.0,371. Route 215006-215009 (215009-Viettel),371. Route 215006 - 215009.csv
108.1434663794,16.07534213841607,0.0,371. Route 215006-215009 (215009-Viettel),371. Route 215006 - 215009.csv
108.1434342232726,16.07529242598046,0.0,371. Route 215006-215009 (215009-Viettel),371. Route 215006 - 215009.csv
108.1434098501339,16.07525159949612,0.0,371. Route 215006-215009 (215009-Viettel),371. Route 215006 - 215009.csv
108.1433683074669,16.07516956205021,0.0,371. Route 215006-215009 (215009-Viettel),371. Route 215006 - 215009.csv
108.14309225223,16.07426635106698,0.0,371. Route 215006-215009 (215009-Viettel),371. Route 215006 - 215009.csv
108.1421823350118,16.07193058251341,0.0,371. Route 215006-215009 (215009-Viettel),371. Route 215006 - 215009.csv
108.1419745989592,16.07182755339871,0.0,371. Route 215006-215009 (215009-Viettel),371. Route 215006 - 215009.csv
108.1414382203802,16.07187178404031,0.0,371. Route 215006-215009 (215009-Viettel),371. Route 215006 - 215009.csv
108.1412215533498,16.07198472799936,0.0,371. Route 215006-215009 (215009-Viettel),371. Route 215006 - 215009.csv
108.1329314968523,16.07605543322275,0.0,371. Route 215006-215009 (215009-Viettel),371. Route 215006 - 215009.csv
108.1325742853451,16.07628794549114,0.0,371. Route 215006-215009 (215009-Viettel),371. Route 215006 - 215009.csv
108.1347536339832,16.07878728009131,0.0,371. Route 215006-215009 (215009-Viettel),371. Route 215006 - 215009.csv
108.1353317174649,16.07916480592523,0.0,371. Route 215006-215009 (215009-Viettel),371. Route 215006 - 215009.csv
108.14662,16.07394,0.0,"MXK97/60 Nguyễn Lương Bằng,Liên Chiểu Đà Nẵng",371. Route 215006 - 215009.csv
108.1347085924448,16.07873595304586,0.0,MX nhập trạm,371. Route 215006 - 215009.csv
108.1508029613145,16.0712825002436,0.0,cột-MX,371. Route 215006 - 215009.csv
108.150544760067,16.07128563733172,0.0,cột 2,371. Route 215006 - 215009.csv
108.1504168006825,16.0715701853904,0.0,cột VNPT-MX,371. Route 215006 - 215009.csv
108.1439083715692,16.07580173483751,0.0,BĐ,371. Route 215006 - 215009.csv
108.2012025267836,16.07004980066017,0.0,BĐ,371. Route 215006 - 215009.csv
105.8416890710146,20.99982470124161,0.0,Cap treo 2,92. sub.Cap treo 2 124019-33.csv
105.8417912197739,20.99955422441256,0.0,Cap treo 2,92. sub.Cap treo 2 124019-33.csv
105.8417281184501,20.99953641572737,0.0,Cap treo 2,92. sub.Cap treo 2 124019-33.csv
105.8423686731512,20.99792585039242,0.0,Cap treo 2,92. sub.Cap treo 2 124019-33.csv
105.8424552936587,20.99770898495983,0.0,Cap treo 2,92. sub.Cap treo 2 124019-33.csv
105.8424643202863,20.9975175221451,0.0,Cap treo 2,92. sub.Cap treo 2 124019-33.csv
105.8428507977397,20.99750041358597,0.0,Cap treo 2,92. sub.Cap treo 2 124019-33.csv
105.8441599754775,20.99723315755647,0.0,Cap treo 2,92. sub.Cap treo 2 124019-33.csv
105.8455404660161,20.99689525206794,0.0,Cap treo 2,92. sub.Cap treo 2 124019-33.csv
105.8460253696608,20.99673791910013,0.0,Cap treo 2,92. sub.Cap treo 2 124019-33.csv
105.8465594149459,20.99663976237743,0.0,Cap treo 2,92. sub.Cap treo 2 124019-33.csv
105.8469904945922,20.99655377193177,0.0,Cap treo 2,92. sub.Cap treo 2 124019-33.csv
105.8475637193358,20.99645582968961,0.0,Cap treo 2,92. sub.Cap treo 2 124019-33.csv
105.8479321825534,20.99641066788864,0.0,Cap treo 2,92. sub.Cap treo 2 124019-33.csv
105.8483997694193,20.99635788339575,0.0,Cap treo 2,92. sub.Cap treo 2 124019-33.csv
105.8489655081199,20.99628471088727,0.0,Cap treo 2,92. sub.Cap treo 2 124019-33.csv
105.8494633773471,20.99620360183116,0.0,Cap treo 2,92. sub.Cap treo 2 124019-33.csv
105.8497470852538,20.99616142160356,0.0,Cap treo 2,92. sub.Cap treo 2 124019-33.csv
105.8498276984296,20.99597152803953,0.0,Cap treo 2,92. sub.Cap treo 2 124019-33.csv
105.8498982968434,20.99580546752752,0.0,Cap treo 2,92. sub.Cap treo 2 124019-33.csv
105.8496583095408,20.99582781518244,0.0,Cap treo 2,92. sub.Cap treo 2 124019-33.csv
105.8496579885254,20.99574631046275,0.0,Cap treo 2,92. sub.Cap treo 2 124019-33.csv
105.8497558981927,20.99568033785407,0.0,Cap treo 2,92. sub.Cap treo 2 124019-33.csv
105.8499355247097,20.9956629863182,0.0,Cap treo 2,92. sub.Cap treo 2 124019-33.csv
105.8499671336787,20.99565335730411,0.0,Cap treo 2,92. sub.Cap treo 2 124019-33.csv
105.8500361460918,20.99574006922116,0.0,Cap treo 2,92. sub.Cap treo 2 124019-33.csv
105.8518524589046,20.9955298668289,0.0,Cap treo 2,92. sub.Cap treo 2 124019-33.csv
105.8524265230436,20.99545532737353,0.0,Cap treo 2,92. sub.Cap treo 2 124019-33.csv
105.8535873559824,20.99532369560141,0.0,Cap treo 2,92. sub.Cap treo 2 124019-33.csv
105.8549029512997,20.9951668916726,0.0,Cap treo 2,92. sub.Cap treo 2 124019-33.csv
105.8562234973474,20.99502345330801,0.0,Cap treo 2,92. sub.Cap treo 2 124019-33.csv
105.8569442881371,20.99495101511528,0.0,Cap treo 2,92. sub.Cap treo 2 124019-33.csv
105.8578140913724,20.99498639018208,0.0,Cap treo 2,92. sub.Cap treo 2 124019-33.csv
105.8586680932659,20.9950911090858,0.0,Cap treo 2,92. sub.Cap treo 2 124019-33.csv
105.8591530346875,20.99519599270721,0.0,Cap treo 2,92. sub.Cap treo 2 124019-33.csv
105.8598094772603,20.99536491751263,0.0,Cap treo 2,92. sub.Cap treo 2 124019-33.csv
105.8602823644784,20.99547532193459,0.0,Cap treo 2,92. sub.Cap treo 2 124019-33.csv
105.8605848678944,20.99554674079605,0.0,Cap treo 2,92. sub.Cap treo 2 124019-33.csv
105.8607678927831,20.9954408943852,0.0,Cap treo 2,92. sub.Cap treo 2 124019-33.csv
108.21998,16.04941,0.0,Trạm 215038-14B duy tân,337. Route 215009-215038.csv
108.2039676134748,16.06725826737074,0.0,Site 215009,337. Route 215009-215038.csv
108.2206579003439,16.0496049213361,0.0,Cống bể 1-MX mới,337. Route 215009-215038.csv
108.2206133388911,16.05010660761565,0.0,MX 148 Núi Thành Đà Nẵng,337. Route 215009-215038.csv
108.21893,16.07108,0.0,MX 51 Lê Duẩn Đà Nẵng,337. Route 215009-215038.csv
108.20494,16.06708,0.0,BĐ K49 Hải Phòng,337. Route 215009-215038.csv
108.20531,16.06630786558534,0.0,ngầm Treo,337. Route 215009-215038.csv
108.2052043510755,16.06704845450049,0.0,BĐ,337. Route 215009-215038.csv
108.204896752333,16.06718264444177,0.0,BĐ 04 Võ văn Tần,337. Route 215009-215038.csv
108.203979712605,16.06737955958453,0.0,215009-215005 R1/5  bể THGT và 575,337. Route 215009-215038.csv
108.2039623259122,16.06717174722344,0.0,215009-215005 R1/5  bể THGT và 575,337. Route 215009-215038.csv
108.2048998511848,16.06722577519287,0.0,215009-215005 R1/5  bể THGT và 575,337. Route 215009-215038.csv
108.2049346789766,16.06709301265587,0.0,215009-215005 R1/5  bể THGT và 575,337. Route 215009-215038.csv
108.2052748556382,16.0670825503088,0.0,215009-215005 R1/5  bể THGT và 575,337. Route 215009-215038.csv
108.2053160727427,16.06632063094003,0.0,215009-215005 R1/5  bể THGT và 575,337. Route 215009-215038.csv
108.2053175430704,16.06613251640538,0.0,215009-215005 R1/5  bể THGT và 575,337. Route 215009-215038.csv
108.2063832808983,16.06620194948485,0.0,215009-215005 R1/5  bể THGT và 575,337. Route 215009-215038.csv
108.206613453082,16.06626023190972,0.0,215009-215005 R1/5  bể THGT và 575,337. Route 215009-215038.csv
108.2067619372963,16.06639046624297,0.0,215009-215005 R1/5  bể THGT và 575,337. Route 215009-215038.csv
108.2069899101349,16.06635088633881,0.0,215009-215005 R1/5  bể THGT và 575,337. Route 215009-215038.csv
108.2080728198826,16.06763257204275,0.0,215009-215005 R1/5  bể THGT và 575,337. Route 215009-215038.csv
108.2096993310555,16.06939841018301,0.0,215009-215005 R1/5  bể THGT và 575,337. Route 215009-215038.csv
108.2118698786018,16.06985317604029,0.0,215009-215005 R1/5  bể THGT và 575,337. Route 215009-215038.csv
108.2188472060932,16.07111079464667,0.0,215009-215005 R1/5  bể THGT và 575,337. Route 215009-215038.csv
108.2203637646134,16.0713195774651,0.0,215009-215005 R1/5  bể THGT và 575,337. Route 215009-215038.csv
108.2205191265075,16.07040479441877,0.0,215009-215005 R1/5  bể THGT và 575,337. Route 215009-215038.csv
108.2202883124267,16.06863779260435,0.0,215009-215005 R1/5  bể THGT và 575,337. Route 215009-215038.csv
108.220033328569,16.06525250029971,0.0,215009-215005 R1/5  bể THGT và 575,337. Route 215009-215038.csv
108.2197758468985,16.06289398186374,0.0,215009-215005 R1/5  bể THGT và 575,337. Route 215009-215038.csv
108.2194671231593,16.06067831363458,0.0,215009-215005 R1/5  bể THGT và 575,337. Route 215009-215038.csv
108.2187975191889,16.05704848140845,0.0,215009-215005 R1/5  bể THGT và 575,337. Route 215009-215038.csv
108.2186633517519,16.0561418638251,0.0,215009-215005 R1/5  bể THGT và 575,337. Route 215009-215038.csv
108.2189210712805,16.05414033823934,0.0,215009-215005 R1/5  bể THGT và 575,337. Route 215009-215038.csv
108.219310286886,16.05388043026666,0.0,215009-215005 R1/5  bể THGT và 575,337. Route 215009-215038.csv
108.2200083680572,16.05453935933711,0.0,215009-215005 R1/5  bể THGT và 575,337. Route 215009-215038.csv
108.2201008789387,16.0544571629211,0.0,215009-215005 R1/5  bể THGT và 575,337. Route 215009-215038.csv
108.2202324627193,16.05325877976925,0.0,215009-215005 R1/5  bể THGT và 575,337. Route 215009-215038.csv
108.2206364658989,16.04958818257746,0.0,215009-215005 R1/5  bể THGT và 575,337. Route 215009-215038.csv
108.2206277034396,16.04947294162915,0.0,215009-215005 R1/5  bể THGT và 575,337. Route 215009-215038.csv
108.2205120459271,16.04941581311348,0.0,215009-215005 R1/5  bể THGT và 575,337. Route 215009-215038.csv
108.2201928395358,16.04935331350437,0.0,215009-215005 R1/5  bể THGT và 575,337. Route 215009-215038.csv
108.2200085503652,16.04932973467578,0.0,215009-215005 R1/5  bể THGT và 575,337. Route 215009-215038.csv
108.2199772640032,16.04941609643431,0.0,215009-215005 R1/5  bể THGT và 575,337. Route 215009-215038.csv
